{
  "providers": {
    "awscloudformation": {
      "AuthRoleName": "amplify-marketingtool-dev-172635-authRole",
      "UnauthRoleArn": "arn:aws:iam::756472502459:role/amplify-marketingtool-dev-172635-unauthRole",
      "AuthRoleArn": "arn:aws:iam::756472502459:role/amplify-marketingtool-dev-172635-authRole",
      "Region": "ap-southeast-1",
      "DeploymentBucketName": "amplify-marketingtool-dev-172635-deployment",
      "UnauthRoleName": "amplify-marketingtool-dev-172635-unauthRole",
      "StackName": "amplify-marketingtool-dev-172635",
      "StackId": "arn:aws:cloudformation:ap-southeast-1:756472502459:stack/amplify-marketingtool-dev-172635/684e1f10-4f6a-11eb-a887-0638f3f69c86",
      "AmplifyAppId": "d3b4yo10nua5y4"
    }
  },
  "auth": {
    "marketingtool91f7f934": {
      "service": "Cognito",
      "providerPlugin": "awscloudformation",
      "dependsOn": [],
      "customAuth": false,
      "output": {
        "AppClientSecret": "14ucnefldcsgj9sa5g1fvld3r48u1min0kntj2uvm92ke2rqq3qp",
        "UserPoolId": "ap-southeast-1_eTlW3jtKK",
        "AppClientIDWeb": "2eq7q8ajvofi62vljmha7llroh",
        "AppClientID": "4vhnqa7q8dfihpcq234c3qglmn",
        "IdentityPoolId": "ap-southeast-1:4a5d6f6e-c23b-47ee-a7ea-9ddc485f9ec5",
        "IdentityPoolName": "marketingtool91f7f934_identitypool_91f7f934__dev",
        "UserPoolName": "marketingtool91f7f934_userpool_91f7f934"
      },
      "lastPushTimeStamp": "2021-01-06T09:27:26.994Z",
      "providerMetadata": {
        "s3TemplateURL": "https://s3.amazonaws.com/amplify-marketingtool-dev-172635-deployment/amplify-cfn-templates/auth/marketingtool91f7f934-cloudformation-template.yml",
        "logicalId": "authmarketingtool91f7f934"
      }
    }
  },
  "hosting": {
    "amplifyhosting": {
      "service": "amplifyhosting",
      "providerPlugin": "awscloudformation",
      "type": "manual",
      "output": {},
      "lastPushTimeStamp": "2021-01-06T09:27:26.997Z",
      "providerMetadata": {
        "s3TemplateURL": "https://s3.amazonaws.com/amplify-marketingtool-dev-172635-deployment/amplify-cfn-templates/hosting/amplifyhosting-template.json",
        "logicalId": "hostingamplifyhosting"
      }
    }
  },
  "api": {
    "marketingTool": {
      "service": "AppSync",
      "providerPlugin": "awscloudformation",
      "output": {
        "authConfig": {
          "defaultAuthentication": {
            "authenticationType": "API_KEY",
            "apiKeyConfig": {
              "apiKeyExpirationDays": 30,
              "description": "api key description"
            }
          },
          "additionalAuthenticationProviders": [
            {
              "authenticationType": "AWS_IAM"
            }
          ]
        },
        "GraphQLAPIIdOutput": "wdab4od6ifehfk5oftxfmepj2y",
        "GraphQLAPIEndpointOutput": "https://sg7i46klujetxjhw24wedwfmmu.appsync-api.ap-southeast-1.amazonaws.com/graphql",
        "GraphQLAPIKeyOutput": "da2-52pawhcs7zcxvfboph7t6l2oom"
      },
      "providerMetadata": {
        "s3TemplateURL": "https://s3.amazonaws.com/amplify-marketingtool-dev-172635-deployment/amplify-cfn-templates/api/cloudformation-template.json",
        "logicalId": "apimarketingTool"
      },
      "lastPushTimeStamp": "2021-01-06T09:27:33.542Z",
      "lastPushDirHash": "vLKklmN+S0EEML/4/oU6MDop5SE="
    }
  }
}